ID,firstName,lastName,company
1,Ted,Gleichner, IBM
2,Freddy,Williamson, IBM
3,Jaylon,O'Kon, Accenture
4,Alphonso,McGlynn, Accenture
5,Clemmie,Powlowski, Volkswagen
6,Korey,Wuckert, Volkswagen
7,Sonia,Hintz, BMW
8,Louvenia,Wehner, BMW
9,Walter,Legros,BMW
10,Hattie,Koelpin, Daimler
11,Arnoldo,Lowe, Daimler
12,Korey,Boyle, Bosch
13,Ofelia,Von, Bosch
14,Naomie,Metz, Bosch
15,Terrence,Mertz, Adidas
16,Theodora,Rosenbaum, Adidas
17,Andres,Yost, Adidas
18,Prince,Kuhic, Adidas
19,Cecelia,Ortiz, Adidas